{"timestamps": [1544471572.841846, 1544471574.940236, 1544471577.010884, 1544471584.177968, 1544471593.367258, 1544471601.51442, 1544471616.804342, 1544471618.883172, 1544471624.015658, 1544471632.221177, 1544471637.351483, 1544471647.559877, 1544471649.645279, 1544471653.736608, 1544471657.871225, 1544471662.007513, 1544471673.240598, 1544471679.392582, 1544471681.470398, 1544471706.898466, 1544471718.097366, 1544471735.392576, 1544471743.576191, 1544471745.692946, 1544471747.785453, 1544471749.884171, 1544471757.059218, 1544471761.186947, 1544471778.82494, 1544471784.085864, 1544471789.329461, 1544471793.579701, 1544471800.890018, 1544471806.11093, 1544471816.519971, 1544471822.799859, 1544471826.94642, 1544471833.178614, 1544471837.32767, 1544471842.497649, 1544471847.678206, 1544471858.003844, 1544471870.469702, 1544471888.027133, 1544471894.342507, 1544471899.57375, 1544471905.835616, 1544471914.143324, 1544471924.604194, 1544471929.88271, 1544471935.118066, 1544471940.378972, 1544471948.694051, 1544471953.947741, 1544471959.18862, 1544471968.536042, 1544471974.88723, 1544471980.12687, 1544471982.313591, 1544471984.445314, 1544471986.598524, 1544471995.988691, 1544472001.231736], "initial_reset_timestamp": 1544471563.637426, "episode_types": ["t", "t", "t", "t", "t", "t", "t", "t", "t", "t", "t", "t", "t", "t", "t", "t", "t", "t", "t", "t", "t", "t", "t", "t", "t", "t", "t", "t", "t", "t", "t", "t", "t", "t", "t", "t", "t", "t", "t", "t", "t", "t", "t", "t", "t", "t", "t", "t", "t", "t", "t", "t", "t", "t", "t", "t", "t", "t", "t", "t", "t", "t", "t", "t"], "episode_lengths": [8, 1, 1, 6, 8, 7, 14, 1, 4, 7, 4, 9, 1, 3, 3, 3, 10, 5, 1, 24, 10, 16, 7, 1, 1, 1, 6, 3, 16, 4, 4, 3, 6, 4, 9, 5, 3, 5, 3, 4, 4, 9, 11, 16, 5, 4, 5, 7, 9, 4, 4, 4, 7, 4, 4, 8, 5, 4, 1, 1, 1, 8, 4], "episode_rewards": [-700.0, -1000.0, -1000.0, -900.0, -900.0, -1000.0, -900.0, -1000.0, -900.0, -1200.0, -1100.0, -400.0, -1000.0, -1000.0, -1000.0, -1000.0, -500.0, -1200.0, -1000.0, -700.0, -1100.0, -1100.0, -1200.0, -1000.0, -1000.0, -1000.0, -700.0, -1200.0, -700.0, -1100.0, -900.0, -1000.0, -900.0, -900.0, -1200.0, -1000.0, -1000.0, -1000.0, -1000.0, -900.0, -1100.0, -1200.0, -1000.0, -1100.0, -1000.0, -1300.0, -1000.0, -1200.0, -800.0, -1100.0, -1100.0, -1100.0, -1000.0, -900.0, -900.0, -1100.0, -1000.0, -900.0, -1000.0, -1000.0, -1000.0, -900.0, -900.0]}