{"timestamps": [1544472084.805652, 1544472085.82025, 1544472086.870816, 1544472087.951577, 1544472089.002782, 1544472090.021798, 1544472091.065821, 1544472092.112451, 1544472093.141293, 1544472094.217563, 1544472095.267791, 1544472096.29141, 1544472097.344854, 1544472098.367157, 1544472099.399975, 1544472100.40581, 1544472101.454897, 1544472102.446818, 1544472103.443613, 1544472104.463397, 1544472105.498079, 1544472106.579583, 1544472107.611829, 1544472108.641246, 1544472109.626737, 1544472110.639954, 1544472111.642152, 1544472112.698245, 1544472113.75233, 1544472114.80669, 1544472115.895138, 1544472116.900286, 1544472117.968501, 1544472118.981925, 1544472119.996503, 1544472121.001498, 1544472122.081576, 1544472123.122801, 1544472124.15391, 1544472125.177631, 1544472126.196969, 1544472127.232721, 1544472128.230441, 1544472129.312454, 1544472130.310671, 1544472131.398178, 1544472132.443297, 1544472133.499304, 1544472134.563141, 1544472135.618942], "initial_reset_timestamp": 1544472083.788712, "episode_types": ["t", "t", "t", "t", "t", "t", "t", "t", "t", "t", "t", "t", "t", "t", "t", "t", "t", "t", "t", "t", "t", "t", "t", "t", "t", "t", "t", "t", "t", "t", "t", "t", "t", "t", "t", "t", "t", "t", "t", "t", "t", "t", "t", "t", "t", "t", "t", "t", "t", "t"], "episode_lengths": [1, 1, 1, 1, 1, 1, 1, 1, 1, 1, 1, 1, 1, 1, 1, 1, 1, 1, 1, 1, 1, 1, 1, 1, 1, 1, 1, 1, 1, 1, 1, 1, 1, 1, 1, 1, 1, 1, 1, 1, 1, 1, 1, 1, 1, 1, 1, 1, 1, 1], "episode_rewards": [-200.0, -200.0, -200.0, -200.0, -200.0, -200.0, -200.0, -200.0, -200.0, -200.0, -200.0, -200.0, -200.0, -200.0, -200.0, -200.0, -200.0, -200.0, -200.0, -200.0, -200.0, -200.0, -200.0, -200.0, -200.0, -200.0, -200.0, -200.0, -200.0, -200.0, -200.0, -200.0, -200.0, -200.0, -200.0, -200.0, -200.0, -200.0, -200.0, -200.0, -200.0, -200.0, -200.0, -200.0, -200.0, -200.0, -200.0, -200.0, -200.0, -200.0]}